Year,ObservedBiomass
2000,3
2001,3.03
2002,3.6966
2003,4.029294
2004,3.26372814
2005,3.785924642
2006,4.580968817
2007,6.77983385
2008,8.203598958
2009,7.711383021
2010,11.33573304
2011,16.32345558
2012,19.26167758
2013,18.10597693
2014,15.9332597
2015,22.94389396
2016,18.58455411
2017,27.133449
2018,31.74613533
2019,24.12706285
2020,
2021,
2022,
2023,
2024,
2025,
2026,
2027,
2028,
2029,
2030,
2031,
2032,
2033,
2034,
2035,
2036,
2037,
2038,
2039,